assetId,sourceKey,kind,mediaType,byteSize,sha256,duplicateGroup,language,altTextStatus,captionStatus,transcriptStatus,sourceType,sourceReference,rightsStatus,rightsEvidence,recommendedDisposition,reviewReasonCode,futureObjectKeyHint
mig003-image-d5ef8a7f1f3310c5,.audit-course-desktop.png,image,image/png,105395,d5ef8a7f1f3310c530dea716aad14e4fa937a151429069996a3d279262981652,dg-000000,unknown,MISSING,N/A,N/A,internal-audit-screenshot,internal-audit-screenshot,RESTRICTED,Internal screenshot capture; may contain third-party UI or placeholder content.,REVIEW,restricted-screenshot,mig003/image/unknown/d5ef8a7f1f3310c5.png
mig003-image-9c9341f81066ff92,.audit-course-mobile.png,image,image/png,34811,9c9341f81066ff92beff862f8031d64dfc819cd28932ac1a0a3885129a89b8e7,dg-000001,unknown,MISSING,N/A,N/A,internal-audit-screenshot,internal-audit-screenshot,RESTRICTED,Internal screenshot capture; may contain third-party UI or placeholder content.,REVIEW,restricted-screenshot,mig003/image/unknown/9c9341f81066ff92.png
mig003-image-cf1ef6f996a71a43,.audit-home-desktop.png,image,image/png,1365690,cf1ef6f996a71a435159c7db5af8b947ce9188c8d0af0f7fd8af70f3f543413f,dg-000002,unknown,MISSING,N/A,N/A,internal-audit-screenshot,internal-audit-screenshot,RESTRICTED,Internal screenshot capture; may contain third-party UI or placeholder content.,REVIEW,restricted-screenshot,mig003/image/unknown/cf1ef6f996a71a43.png
mig003-image-bb10a3b669055236,.audit-home-mobile.png,image,image/png,120338,bb10a3b669055236905608b30033ff31c38eda3fb420b6e90801a7c2aad8ef06,dg-000003,unknown,MISSING,N/A,N/A,internal-audit-screenshot,internal-audit-screenshot,RESTRICTED,Internal screenshot capture; may contain third-party UI or placeholder content.,REVIEW,restricted-screenshot,mig003/image/unknown/bb10a3b669055236.png
mig003-unknown-9ed753c676166889,.codex/check_resource_page.ps1,unknown,application/octet-stream,378,9ed753c6761668891562c494317be2f730c23240f0f9b66957b7102648f5003f,dg-000004,unknown,N/A,N/A,N/A,internal-dev-screenshot,internal-dev-screenshot,UNKNOWN,Cannot identify media kind or MIME type from extension and magic bytes.,REVIEW,unsupported-format,mig003/unknown/unknown/9ed753c676166889.ps1
mig003-unknown-08d0da3bb5369225,.codex/chrome_capture_selected.ps1,unknown,application/octet-stream,581,08d0da3bb5369225184321c7540c7c2e9a78aa4326a0c38504abe5c27df41265,dg-000005,unknown,N/A,N/A,N/A,internal-dev-screenshot,internal-dev-screenshot,UNKNOWN,Cannot identify media kind or MIME type from extension and magic bytes.,REVIEW,unsupported-format,mig003/unknown/unknown/08d0da3bb5369225.ps1
mig003-unknown-e0eeb2f17f1bb6aa,.codex/chrome_capture.ps1,unknown,application/octet-stream,822,e0eeb2f17f1bb6aa63e74fdc1c81eff3ee94088b8517902dbe5f3e5753b9af97,dg-000006,unknown,N/A,N/A,N/A,internal-dev-screenshot,internal-dev-screenshot,UNKNOWN,Cannot identify media kind or MIME type from extension and magic bytes.,REVIEW,unsupported-format,mig003/unknown/unknown/e0eeb2f17f1bb6aa.ps1
mig003-unknown-f502b34e0b618a7f,.codex/ui_audit_capture.py,unknown,application/octet-stream,2250,f502b34e0b618a7f1b87be324d97c5b3ac6d71f8e1d52fba43f8c2a6452f14a1,dg-000007,unknown,N/A,N/A,N/A,internal-dev-screenshot,internal-dev-screenshot,UNKNOWN,Cannot identify media kind or MIME type from extension and magic bytes.,REVIEW,unsupported-format,mig003/unknown/unknown/f502b34e0b618a7f.py
mig003-image-e23ecc93a0d6e57c,.codex/ui_audit_chrome/admin-dashboard.png,image,image/png,1459040,e23ecc93a0d6e57c835d3b27f5d49bcfb210245c748cfebe4711c927560cd278,dg-000008,unknown,PRESENT,N/A,N/A,internal-dev-screenshot,internal-dev-screenshot,RESTRICTED,Internal screenshot capture; may contain third-party UI or placeholder content.,REVIEW,restricted-screenshot,mig003/image/unknown/e23ecc93a0d6e57c.png
mig003-image-5abb5f6bb39d7340,.codex/ui_audit_chrome/admin-student-management.png,image,image/png,1304247,5abb5f6bb39d7340faf8638b64058fe9d25f90cfe6b040807bead156dde6d68f,dg-000009,unknown,PRESENT,N/A,N/A,internal-dev-screenshot,internal-dev-screenshot,RESTRICTED,Internal screenshot capture; may contain third-party UI or placeholder content.,REVIEW,restricted-screenshot,mig003/image/unknown/5abb5f6bb39d7340.png
mig003-image-0ba24faa7e78aacf,.codex/ui_audit_chrome/course-center.png,image,image/png,1756430,0ba24faa7e78aacfe2f83611fb617e59c498e9eddfc888aebce48f6d37e1b55b,dg-000010,unknown,PRESENT,N/A,N/A,internal-dev-screenshot,internal-dev-screenshot,RESTRICTED,Internal screenshot capture; may contain third-party UI or placeholder content.,REVIEW,restricted-screenshot,mig003/image/unknown/0ba24faa7e78aacf.png
mig003-image-ad4d1572cc664a35,.codex/ui_audit_chrome/index.png,image,image/png,1767911,ad4d1572cc664a35935cbe478977244ae6154c8e9686c600929e087aaee9a427,dg-000011,unknown,PRESENT,N/A,N/A,internal-dev-screenshot,internal-dev-screenshot,RESTRICTED,Internal screenshot capture; may contain third-party UI or placeholder content.,REVIEW,restricted-screenshot,mig003/image/unknown/ad4d1572cc664a35.png
mig003-image-1f47cb68da09202b,.codex/ui_audit_chrome/learning-tasks.png,image,image/png,1484243,1f47cb68da09202b1d34f36191b7635d3db03b74251817c965738fa289e8769a,dg-000012,unknown,PRESENT,N/A,N/A,internal-dev-screenshot,internal-dev-screenshot,RESTRICTED,Internal screenshot capture; may contain third-party UI or placeholder content.,REVIEW,restricted-screenshot,mig003/image/unknown/1f47cb68da09202b.png
mig003-image-1e323e0100c69006,.codex/ui_audit_chrome/platform-internal.png,image,image/png,1601648,1e323e0100c690065acb923dc6b8a244c58614e163a8dcb34c22825eff019246,dg-000013,unknown,PRESENT,N/A,N/A,internal-dev-screenshot,internal-dev-screenshot,RESTRICTED,Internal screenshot capture; may contain third-party UI or placeholder content.,REVIEW,restricted-screenshot,mig003/image/unknown/1e323e0100c69006.png
mig003-image-750405d85aca94b6,.codex/ui_audit_chrome/premium-purchase.png,image,image/png,1671735,750405d85aca94b60253460a10789f789b74fd0e0ff9610e8408cc82c65fa0b3,dg-000014,unknown,PRESENT,N/A,N/A,internal-dev-screenshot,internal-dev-screenshot,RESTRICTED,Internal screenshot capture; may contain third-party UI or placeholder content.,REVIEW,restricted-screenshot,mig003/image/unknown/750405d85aca94b6.png
mig003-image-352bae035a104248,.codex/ui_audit_chrome/pricing.png,image,image/png,1554138,352bae035a10424893a69f0815e4f056b709b59814b84dd474708c242ea7f82c,dg-000015,unknown,PRESENT,N/A,N/A,internal-dev-screenshot,internal-dev-screenshot,RESTRICTED,Internal screenshot capture; may contain third-party UI or placeholder content.,REVIEW,restricted-screenshot,mig003/image/unknown/352bae035a104248.png
mig003-image-2747ca67044fd57e,.codex/ui_audit_chrome/professional-purchase.png,image,image/png,1513835,2747ca67044fd57ea5845b30545abe78d5b2e2fa72fef51b651c76626edbbff6,dg-000016,unknown,PRESENT,N/A,N/A,internal-dev-screenshot,internal-dev-screenshot,RESTRICTED,Internal screenshot capture; may contain third-party UI or placeholder content.,REVIEW,restricted-screenshot,mig003/image/unknown/2747ca67044fd57e.png
mig003-image-9f307decabebd807,.codex/ui_audit_chrome/student-dashboard.png,image,image/png,1651562,9f307decabebd80725843a1e15a8e908cf293f4ec4e2695bc06b02f4fab43233,dg-000017,unknown,PRESENT,N/A,N/A,internal-dev-screenshot,internal-dev-screenshot,RESTRICTED,Internal screenshot capture; may contain third-party UI or placeholder content.,REVIEW,restricted-screenshot,mig003/image/unknown/9f307decabebd807.png
mig003-image-c26690b8c86a4798,.codex/ui_audit_chrome/student-profile.png,image,image/png,1503195,c26690b8c86a47981a80d5c873483380bb7852ad37d205e31fb102e359c287b4,dg-000018,unknown,PRESENT,N/A,N/A,internal-dev-screenshot,internal-dev-screenshot,RESTRICTED,Internal screenshot capture; may contain third-party UI or placeholder content.,REVIEW,restricted-screenshot,mig003/image/unknown/c26690b8c86a4798.png
mig003-image-885086466191283a,.codex/ui_audit_chrome/teacher-dashboard.png,image,image/png,1506053,885086466191283a4759bcd1e3d37c73a7575f1c054c8f65022d3271a89c5cf7,dg-000019,unknown,PRESENT,N/A,N/A,internal-dev-screenshot,internal-dev-screenshot,RESTRICTED,Internal screenshot capture; may contain third-party UI or placeholder content.,REVIEW,restricted-screenshot,mig003/image/unknown/885086466191283a.png
mig003-image-ff533bf7cc50585a,.codex/ui_audit_chrome/video-player.png,image,image/png,1411888,ff533bf7cc50585ae43c9be1e3bf30f2476f345cffd5e40b91129f2bd44b1a14,dg-000020,unknown,PRESENT,N/A,N/A,internal-dev-screenshot,internal-dev-screenshot,RESTRICTED,Internal screenshot capture; may contain third-party UI or placeholder content.,REVIEW,restricted-screenshot,mig003/image/unknown/ff533bf7cc50585a.png
mig003-unknown-b6a17d0ad9c008c0,.trae/documents/修复网页翻译功能，保持原有结构和逻辑.md,unknown,application/octet-stream,1260,b6a17d0ad9c008c0299eadf8a9cf382000a462966b866057aa872617b0115424,dg-000021,unknown,N/A,N/A,N/A,unknown,unknown,UNKNOWN,Cannot identify media kind or MIME type from extension and magic bytes.,REVIEW,unsupported-format,mig003/unknown/unknown/b6a17d0ad9c008c0.md
mig003-unknown-7862e9acdca46d41,admin-dashboard.html,unknown,application/octet-stream,39850,7862e9acdca46d41b79db067759815dba1c00077c72224963eb60ab5adbe7e7d,dg-000022,unknown,N/A,N/A,N/A,unknown,unknown,UNKNOWN,Cannot identify media kind or MIME type from extension and magic bytes.,REVIEW,unsupported-format,mig003/unknown/unknown/7862e9acdca46d41.html
mig003-unknown-b0c3893947fe931e,admin-student-management.html,unknown,application/octet-stream,26651,b0c3893947fe931edd62fc95571c6256dc83cff96c429e52fcc7d54a7c570c53,dg-000023,unknown,N/A,N/A,N/A,unknown,unknown,UNKNOWN,Cannot identify media kind or MIME type from extension and magic bytes.,REVIEW,unsupported-format,mig003/unknown/unknown/b0c3893947fe931e.html
mig003-image-b3647c374ef73a46,assets/images/logo.png,image,image/png,58514,b3647c374ef73a46031d9a70321c077e775bf92dbf89ee3fa0106ae930e705a9,dg-000024,unknown,PRESENT,N/A,N/A,internal-asset-image,internal-asset-image,APPROVED,Shipped as part of the internal application asset bundle.,MIGRATE,,mig003/image/unknown/b3647c374ef73a46.png
mig003-image-d1bff40e8f41f8a7,assets/images/yx-plateau-soundscape-hero-v2.png,image,image/png,2561255,d1bff40e8f41f8a779101250ecb61c580cb9de02349dbf041ef577e66308d9d3,dg-000025,unknown,PRESENT,N/A,N/A,internal-asset-image,internal-asset-image,APPROVED,Shipped as part of the internal application asset bundle.,MIGRATE,,mig003/image/unknown/d1bff40e8f41f8a7.png
mig003-image-89d8f7a95351d46f,assets/images/yx-plateau-soundscape-hero.png,image,image/png,2931065,89d8f7a95351d46f1ff0e1056b7360f345852624caa3c30754526ae1b2c76195,dg-000026,unknown,PRESENT,N/A,N/A,internal-asset-image,internal-asset-image,APPROVED,Shipped as part of the internal application asset bundle.,MIGRATE,,mig003/image/unknown/89d8f7a95351d46f.png
mig003-image-3a51c96c45772335,assets/images/三年级-夏洛的网-课程封面.png,image,image/png,1340622,3a51c96c4577233594d1c84749c9a4a993be6d2d4d302e0f55a76ab83e175503,dg-000027,unknown,PRESENT,N/A,N/A,internal-asset-image,internal-asset-image,APPROVED,Shipped as part of the internal application asset bundle.,MIGRATE,,mig003/image/unknown/3a51c96c45772335.png
mig003-image-01be58a13e3d769d,assets/images/五年级-我为仓央嘉措诗配画-课程封面.png,image,image/png,994590,01be58a13e3d769de6cd0e7c87abfdaf5781e60f765b6027f3d96d9852898a40,dg-000028,unknown,PRESENT,N/A,N/A,internal-asset-image,internal-asset-image,APPROVED,Shipped as part of the internal application asset bundle.,MIGRATE,,mig003/image/unknown/01be58a13e3d769d.png
mig003-image-96f63dea0ffc7420,assets/images/视频播放封面.png,image,image/png,105287,96f63dea0ffc74203d28dc97d7c285135c87fcf0383e78c273e876cc98c8545a,dg-000029,unknown,PRESENT,N/A,N/A,internal-asset-image,internal-asset-image,APPROVED,Shipped as part of the internal application asset bundle.,MIGRATE,,mig003/image/unknown/96f63dea0ffc7420.png
mig003-video-c3a5ae27cdaf996a,assets/media/video.mp4,video,video/mp4,666564,c3a5ae27cdaf996af1635a7c151969e875a2bfa012816113e2dd0ca800fcfd72,dg-000030,unknown,N/A,MISSING,MISSING,internal-asset-media,internal-asset-media,APPROVED,Shipped as part of the internal application asset bundle.,MIGRATE,,mig003/video/unknown/c3a5ae27cdaf996a.mp4
mig003-unknown-120011c17e3cd4cc,course-center.html,unknown,application/octet-stream,76795,120011c17e3cd4cc260def160c24ad07105eda378bfcb2a2e9f7c74679f61765,dg-000031,unknown,N/A,N/A,N/A,unknown,unknown,UNKNOWN,Cannot identify media kind or MIME type from extension and magic bytes.,REVIEW,unsupported-format,mig003/unknown/unknown/120011c17e3cd4cc.html
mig003-unknown-ea0e8b50aec2c16d,dashboard.html,unknown,application/octet-stream,46990,ea0e8b50aec2c16da2686da0e9e353c047c030f9612fb6597dca96398904a051,dg-000032,unknown,N/A,N/A,N/A,unknown,unknown,UNKNOWN,Cannot identify media kind or MIME type from extension and magic bytes.,REVIEW,unsupported-format,mig003/unknown/unknown/ea0e8b50aec2c16d.html
mig003-unknown-eb6e835d0e874f15,db/analytics.json,unknown,application/octet-stream,2138,eb6e835d0e874f1568ea3f73b962a4305e72bd9c8269052d06261852549fc034,dg-000033,unknown,N/A,N/A,N/A,unknown,unknown,UNKNOWN,Cannot identify media kind or MIME type from extension and magic bytes.,REVIEW,unsupported-format,mig003/unknown/unknown/eb6e835d0e874f15.json
mig003-unknown-4f53cda18c2baa0c,db/applications.json,unknown,application/octet-stream,2,4f53cda18c2baa0c0354bb5f9a3ecbe5ed12ab4d8e11ba873c2f11161202b945,dg-000034,unknown,N/A,N/A,N/A,unknown,unknown,UNKNOWN,Cannot identify media kind or MIME type from extension and magic bytes.,REVIEW,unsupported-format,mig003/unknown/unknown/4f53cda18c2baa0c.json
mig003-unknown-3e108fc48cd214df,db/assessments.json,unknown,application/octet-stream,2405,3e108fc48cd214df880e91bee4d098846d9482a693b9ffb4db99aacd9cb72a8e,dg-000035,unknown,N/A,N/A,N/A,unknown,unknown,UNKNOWN,Cannot identify media kind or MIME type from extension and magic bytes.,REVIEW,unsupported-format,mig003/unknown/unknown/3e108fc48cd214df.json
mig003-unknown-69115067bb6acf28,db/courses.json,unknown,application/octet-stream,6990,69115067bb6acf28fe8434ce9f8a2e1a30fc825d7dc96617d9dbdc46e8cff54b,dg-000036,unknown,N/A,N/A,N/A,unknown,unknown,UNKNOWN,Cannot identify media kind or MIME type from extension and magic bytes.,REVIEW,unsupported-format,mig003/unknown/unknown/69115067bb6acf28.json
mig003-unknown-fdc1939c0ce00b3a,db/lang/bo.json,unknown,application/octet-stream,35894,fdc1939c0ce00b3a19c1b39cf37944fcd79159c1c6b0a397e1f685e010027306,dg-000037,unknown,N/A,N/A,N/A,unknown,unknown,UNKNOWN,Cannot identify media kind or MIME type from extension and magic bytes.,REVIEW,unsupported-format,mig003/unknown/unknown/fdc1939c0ce00b3a.json
mig003-unknown-6fb9ecabb1445d28,db/lang/courses_bo.json,unknown,application/octet-stream,1499,6fb9ecabb1445d2897ed27f0066332a290e7b50d0d02bcc866f09e0916d8579e,dg-000038,bo,N/A,N/A,N/A,unknown,unknown,UNKNOWN,Cannot identify media kind or MIME type from extension and magic bytes.,REVIEW,unsupported-format,mig003/unknown/bo/6fb9ecabb1445d28.json
mig003-unknown-59a5feb18743a7e6,db/lang/zh.json,unknown,application/octet-stream,18882,59a5feb18743a7e6b30d024353f58dd9b18a0462ff0f253a5a4fd980ac31828e,dg-000039,unknown,N/A,N/A,N/A,unknown,unknown,UNKNOWN,Cannot identify media kind or MIME type from extension and magic bytes.,REVIEW,unsupported-format,mig003/unknown/unknown/59a5feb18743a7e6.json
mig003-unknown-4d9d3c139d314587,db/learning-records.json,unknown,application/octet-stream,3900,4d9d3c139d314587d81c6e8396a8d328edea82a48a73a5237c8e6b46bbfd85a9,dg-000040,unknown,N/A,N/A,N/A,unknown,unknown,UNKNOWN,Cannot identify media kind or MIME type from extension and magic bytes.,REVIEW,unsupported-format,mig003/unknown/unknown/4d9d3c139d314587.json
mig003-unknown-ec4347cdbd9f3558,db/materials.json,unknown,application/octet-stream,4194,ec4347cdbd9f35589d10a3f810e1b61717c58f9fd17501f909396b09611c2e3a,dg-000041,unknown,N/A,N/A,N/A,unknown,unknown,UNKNOWN,Cannot identify media kind or MIME type from extension and magic bytes.,REVIEW,unsupported-format,mig003/unknown/unknown/ec4347cdbd9f3558.json
mig003-unknown-de0d4231a2218f51,db/progress.json,unknown,application/octet-stream,2637,de0d4231a2218f51c57ffc1315a7e3cce9b81084f7da34ef893dd6ef2c13c99d,dg-000042,unknown,N/A,N/A,N/A,unknown,unknown,UNKNOWN,Cannot identify media kind or MIME type from extension and magic bytes.,REVIEW,unsupported-format,mig003/unknown/unknown/de0d4231a2218f51.json
mig003-unknown-e1f17213b1fc7289,db/users.json,unknown,application/octet-stream,2578,e1f17213b1fc728934c39e4b08f79a80316bdcfdf4092668e3a1513d1c73f69a,dg-000043,unknown,N/A,N/A,N/A,unknown,unknown,UNKNOWN,Cannot identify media kind or MIME type from extension and magic bytes.,REVIEW,unsupported-format,mig003/unknown/unknown/e1f17213b1fc7289.json
mig003-unknown-b96b624db8ec3623,docs/01-项目概述.md,unknown,application/octet-stream,1866,b96b624db8ec36236fc82b790528568244e8df4dd97596a1194ca7c2c6b48a78,dg-000044,unknown,N/A,N/A,N/A,document,document,UNKNOWN,Cannot identify media kind or MIME type from extension and magic bytes.,REVIEW,unsupported-format,mig003/unknown/unknown/b96b624db8ec3623.md
mig003-unknown-1a8284803321872f,docs/02-技术架构.md,unknown,application/octet-stream,9542,1a8284803321872fbcd5a00ed08f6b137567494ab96b1b8396b88fbf5ad917d7,dg-000045,unknown,N/A,N/A,N/A,document,document,UNKNOWN,Cannot identify media kind or MIME type from extension and magic bytes.,REVIEW,unsupported-format,mig003/unknown/unknown/1a8284803321872f.md
mig003-unknown-ceaf625f8c085105,docs/03-核心功能模块.md,unknown,application/octet-stream,5999,ceaf625f8c085105cd8dd40e89cd9e5e5203a9d4b5267426a65b1e3d32725437,dg-000046,unknown,N/A,N/A,N/A,document,document,UNKNOWN,Cannot identify media kind or MIME type from extension and magic bytes.,REVIEW,unsupported-format,mig003/unknown/unknown/ceaf625f8c085105.md
mig003-unknown-1fdb0c35f9e601e8,docs/04-数据库设计.md,unknown,application/octet-stream,7042,1fdb0c35f9e601e86709742333a3eb480498b2cf31d3cbdfbc3a5a924ee39043,dg-000047,unknown,N/A,N/A,N/A,document,document,UNKNOWN,Cannot identify media kind or MIME type from extension and magic bytes.,REVIEW,unsupported-format,mig003/unknown/unknown/1fdb0c35f9e601e8.md
mig003-unknown-dd4c81fac87be90d,docs/05-API接口设计.md,unknown,application/octet-stream,7516,dd4c81fac87be90d8688365dfe7d780b6afcc5c7dce31c0b567c9e8e3b2a68ba,dg-000048,unknown,N/A,N/A,N/A,document,document,UNKNOWN,Cannot identify media kind or MIME type from extension and magic bytes.,REVIEW,unsupported-format,mig003/unknown/unknown/dd4c81fac87be90d.md
mig003-unknown-f047a0b858067325,docs/06-页面结构.md,unknown,application/octet-stream,5325,f047a0b858067325f26c7ce5ef691a779fbbd179ff476b78d76069cce7d121ee,dg-000049,unknown,N/A,N/A,N/A,document,document,UNKNOWN,Cannot identify media kind or MIME type from extension and magic bytes.,REVIEW,unsupported-format,mig003/unknown/unknown/f047a0b858067325.md
mig003-unknown-eb5bdec33645abb9,docs/07-待开发功能.md,unknown,application/octet-stream,7010,eb5bdec33645abb9066ea5a79225472abf2160c3b80a3e0f0bc2188b99099deb,dg-000050,unknown,N/A,N/A,N/A,document,document,UNKNOWN,Cannot identify media kind or MIME type from extension and magic bytes.,REVIEW,unsupported-format,mig003/unknown/unknown/eb5bdec33645abb9.md
mig003-unknown-24514c7f76fa71b0,docs/09-部署方案.md,unknown,application/octet-stream,11034,24514c7f76fa71b000d00a930a7c14bbfcd15425b50d57c369b2842dc0e711c4,dg-000051,unknown,N/A,N/A,N/A,document,document,UNKNOWN,Cannot identify media kind or MIME type from extension and magic bytes.,REVIEW,unsupported-format,mig003/unknown/unknown/24514c7f76fa71b0.md
mig003-unknown-603860c1372b0fa4,docs/10-后续规划.md,unknown,application/octet-stream,6510,603860c1372b0fa463401cb1a44bb3090957f9210dd0776f26418426dce57e23,dg-000052,unknown,N/A,N/A,N/A,document,document,UNKNOWN,Cannot identify media kind or MIME type from extension and magic bytes.,REVIEW,unsupported-format,mig003/unknown/unknown/603860c1372b0fa4.md
mig003-document-91c816b5ff2975dd,docs/archive/AI接手项目的完整文档模板.pdf,document,application/pdf,600808,91c816b5ff2975dd93feec0e8f4423135c809b30aa8113c6b032ca97a7c65e88,dg-000053,unknown,N/A,N/A,N/A,document-archive,document-archive,UNKNOWN,Legacy document without attached license or ownership evidence.,REVIEW,missing-rights,mig003/document/unknown/91c816b5ff2975dd.pdf
mig003-document-e2cc4f21a1428f2e,docs/archive/本地运行方式.docx,document,application/vnd.openxmlformats-officedocument.wordprocessingml.document,14798,e2cc4f21a1428f2ea5f2e78d68c4e9ed4348bb71c04996d7e5155f8b6020762a,dg-000054,unknown,N/A,N/A,N/A,document-archive,document-archive,UNKNOWN,Legacy document without attached license or ownership evidence.,REVIEW,missing-rights,mig003/document/unknown/e2cc4f21a1428f2e.docx
mig003-unknown-c68f481e906bfbbd,docs/DEVELOPMENT_FLOW.md,unknown,application/octet-stream,54293,c68f481e906bfbbd85ebc076a9b9000bc1a2b195e80c5dc1d7038d1b264d9c31,dg-000055,unknown,N/A,N/A,N/A,document,document,UNKNOWN,Cannot identify media kind or MIME type from extension and magic bytes.,REVIEW,unsupported-format,mig003/unknown/unknown/c68f481e906bfbbd.md
mig003-unknown-16b5c2f6608861ea,docs/internal/learnings/ERRORS.md,unknown,application/octet-stream,801,16b5c2f6608861ea53b59e40be8950ee41306e1b85e1a6a667ceec8f6e460f4a,dg-000056,unknown,N/A,N/A,N/A,document,document,UNKNOWN,Cannot identify media kind or MIME type from extension and magic bytes.,REVIEW,unsupported-format,mig003/unknown/unknown/16b5c2f6608861ea.md
mig003-unknown-891665c0dad96be1,docs/internal/program_study/AI开发必读/AI常见前端不足及改进.md,unknown,application/octet-stream,35977,891665c0dad96be135f91ae5a2b91c560c3285d4ba0bf4f7411f632ad02ad4fd,dg-000057,unknown,N/A,N/A,N/A,document,document,UNKNOWN,Cannot identify media kind or MIME type from extension and magic bytes.,REVIEW,unsupported-format,mig003/unknown/unknown/891665c0dad96be1.md
mig003-unknown-6f5dea7fbaa04049,docs/internal/program_study/V3-前端设计/01-设计经验总结.md,unknown,application/octet-stream,9119,6f5dea7fbaa0404926159cd09b590f094e6e3f879a8769b59730a7da0f806d94,dg-000058,unknown,N/A,N/A,N/A,document,document,UNKNOWN,Cannot identify media kind or MIME type from extension and magic bytes.,REVIEW,unsupported-format,mig003/unknown/unknown/6f5dea7fbaa04049.md
mig003-unknown-5c450c907fb287c3,docs/internal/program_study/V3-前端设计/02-设计系统规范.md,unknown,application/octet-stream,13359,5c450c907fb287c3030a3d84e60537c46b4a67a3292fcaaee7175c4be0908a81,dg-000059,unknown,N/A,N/A,N/A,document,document,UNKNOWN,Cannot identify media kind or MIME type from extension and magic bytes.,REVIEW,unsupported-format,mig003/unknown/unknown/5c450c907fb287c3.md
mig003-unknown-6cdbf9885bf2c2fd,docs/internal/program_study/V3-前端设计/03-组件使用指南.md,unknown,application/octet-stream,26307,6cdbf9885bf2c2fd76d9a4b4ea1ed660a5fad34d573f8bd734c4a8c5771ac886,dg-000060,unknown,N/A,N/A,N/A,document,document,UNKNOWN,Cannot identify media kind or MIME type from extension and magic bytes.,REVIEW,unsupported-format,mig003/unknown/unknown/6cdbf9885bf2c2fd.md
mig003-unknown-c94d3de6843366d3,docs/internal/program_study/V3-前端设计/04-常见问题与改进方案.md,unknown,application/octet-stream,17815,c94d3de6843366d3bf41f6636feb2e5134e7e6b8930fda0d0ef8c1898d9b329c,dg-000061,unknown,N/A,N/A,N/A,document,document,UNKNOWN,Cannot identify media kind or MIME type from extension and magic bytes.,REVIEW,unsupported-format,mig003/unknown/unknown/c94d3de6843366d3.md
mig003-unknown-0fb3942a07d0df5b,docs/internal/program_study/V3-前端设计/05-内容增强与微交互经验.md,unknown,application/octet-stream,35389,0fb3942a07d0df5b638851b7b176bf99fd821f3305c6d6b0733bb2565b142cb7,dg-000062,unknown,N/A,N/A,N/A,document,document,UNKNOWN,Cannot identify media kind or MIME type from extension and magic bytes.,REVIEW,unsupported-format,mig003/unknown/unknown/0fb3942a07d0df5b.md
mig003-unknown-1d122d49b076ebad,docs/README.md,unknown,application/octet-stream,3208,1d122d49b076ebade74aa0612ea4117b4d091f06d7936fae83b72da43f173d49,dg-000063,unknown,N/A,N/A,N/A,document,document,UNKNOWN,Cannot identify media kind or MIME type from extension and magic bytes.,REVIEW,unsupported-format,mig003/unknown/unknown/1d122d49b076ebad.md
mig003-document-ef6f77a62b6fbbca,docs/resources/“语赞心声”分级课程体系总览.docx,document,application/vnd.openxmlformats-officedocument.wordprocessingml.document,257664,ef6f77a62b6fbbcad32892f0d44b9c4972f50cb6667974bdc67d1c6aa8d2273e,dg-000064,unknown,N/A,N/A,N/A,document-resource,document-resource,UNKNOWN,Legacy document without attached license or ownership evidence.,REVIEW,missing-rights,mig003/document/unknown/ef6f77a62b6fbbca.docx
mig003-unknown-f53b7195095569b4,learning-tasks.html,unknown,application/octet-stream,31196,f53b7195095569b4a88f3c9bfc564f993c4e23693f7fa4f9c5d587188c5dc9e9,dg-000065,unknown,N/A,N/A,N/A,unknown,unknown,UNKNOWN,Cannot identify media kind or MIME type from extension and magic bytes.,REVIEW,unsupported-format,mig003/unknown/unknown/f53b7195095569b4.html
mig003-unknown-a88e2401c59b521f,microservices/docker-compose.yml,unknown,application/octet-stream,4618,a88e2401c59b521f04ef832373e45c46fa8a66ddd7d8c54622a3f98c70503156,dg-000066,unknown,N/A,N/A,N/A,unknown,unknown,UNKNOWN,Cannot identify media kind or MIME type from extension and magic bytes.,REVIEW,unsupported-format,mig003/unknown/unknown/a88e2401c59b521f.yml
mig003-unknown-ab09c9edfae776be,microservices/gateway/Dockerfile,unknown,application/octet-stream,161,ab09c9edfae776be672efd6fcd9b13a3f5aa2d56bd29956cc0f05fd9fad6ac8a,dg-000067,unknown,N/A,N/A,N/A,unknown,unknown,UNKNOWN,Cannot identify media kind or MIME type from extension and magic bytes.,REVIEW,unsupported-format,mig003/unknown/unknown/ab09c9edfae776be.bin
mig003-unknown-05c991d23018ab05,microservices/gateway/package.json,unknown,application/octet-stream,317,05c991d23018ab059f7c18e12361da04d7693ff5192606dc64154d95a4df8efa,dg-000068,unknown,N/A,N/A,N/A,unknown,unknown,UNKNOWN,Cannot identify media kind or MIME type from extension and magic bytes.,REVIEW,unsupported-format,mig003/unknown/unknown/05c991d23018ab05.json
mig003-unknown-bc404f9110508881,microservices/gateway/server.js,unknown,application/octet-stream,1734,bc404f91105088812f517862368c5d17123eeee666bf32915594a8fed5099991,dg-000069,unknown,N/A,N/A,N/A,unknown,unknown,UNKNOWN,Cannot identify media kind or MIME type from extension and magic bytes.,REVIEW,unsupported-format,mig003/unknown/unknown/bc404f9110508881.js
mig003-unknown-1b881ef4d42e0b66,microservices/monitoring/prometheus/prometheus.yml,unknown,application/octet-stream,1642,1b881ef4d42e0b669af0e7a3afd69bf1e833658ed26c54589b4185deb86b2e8c,dg-000070,unknown,N/A,N/A,N/A,unknown,unknown,UNKNOWN,Cannot identify media kind or MIME type from extension and magic bytes.,REVIEW,unsupported-format,mig003/unknown/unknown/1b881ef4d42e0b66.yml
mig003-unknown-a923f38272591133,microservices/postgres/init.sql,unknown,application/octet-stream,4336,a923f382725911335cba80432812ba43591950f80c20283b4feee7b13c176723,dg-000071,unknown,N/A,N/A,N/A,unknown,unknown,UNKNOWN,Cannot identify media kind or MIME type from extension and magic bytes.,REVIEW,unsupported-format,mig003/unknown/unknown/a923f38272591133.sql
mig003-unknown-d0b010e57d1b0b04,microservices/README_NEW.md,unknown,application/octet-stream,5545,d0b010e57d1b0b049ddc8237716382e1dc6d49f57b93587be99fe338f1c12db1,dg-000072,unknown,N/A,N/A,N/A,unknown,unknown,UNKNOWN,Cannot identify media kind or MIME type from extension and magic bytes.,REVIEW,unsupported-format,mig003/unknown/unknown/d0b010e57d1b0b04.md
mig003-unknown-879fe9511799c310,microservices/scripts/deploy.sh,unknown,application/octet-stream,485,879fe9511799c310b87e5e13bdcda28c64f3c30e84504e3bf1641a131f7d05c1,dg-000073,unknown,N/A,N/A,N/A,unknown,unknown,UNKNOWN,Cannot identify media kind or MIME type from extension and magic bytes.,REVIEW,unsupported-format,mig003/unknown/unknown/879fe9511799c310.sh
mig003-unknown-5ebae47dd5a12929,microservices/scripts/migrate.sh,unknown,application/octet-stream,415,5ebae47dd5a129293a2b3b5056fe21d0e212058d5eb6a84bf57053fb53ee39f3,dg-000074,unknown,N/A,N/A,N/A,unknown,unknown,UNKNOWN,Cannot identify media kind or MIME type from extension and magic bytes.,REVIEW,unsupported-format,mig003/unknown/unknown/5ebae47dd5a12929.sh
mig003-unknown-83185ca95f367492,microservices/services/course-service/Dockerfile,unknown,application/octet-stream,163,83185ca95f3674922115f71cabf5cd36e6a2270429819d4bdfd8be1a32ab1ba8,dg-000075,unknown,N/A,N/A,N/A,unknown,unknown,UNKNOWN,Cannot identify media kind or MIME type from extension and magic bytes.,REVIEW,unsupported-format,mig003/unknown/unknown/83185ca95f367492.bin
mig003-unknown-484a53ec3ef30163,microservices/services/course-service/package.json,unknown,application/octet-stream,351,484a53ec3ef30163b39791c2f6b8b023d58fa8df38ce347f6e2e4e763aac7bf7,dg-000076,unknown,N/A,N/A,N/A,unknown,unknown,UNKNOWN,Cannot identify media kind or MIME type from extension and magic bytes.,REVIEW,unsupported-format,mig003/unknown/unknown/484a53ec3ef30163.json
mig003-unknown-eb87307a05be8b42,microservices/services/user-service/Dockerfile,unknown,application/octet-stream,163,eb87307a05be8b42ef82b090517a3e3924112800eb2a87fdd9e957b1726ab8aa,dg-000077,unknown,N/A,N/A,N/A,unknown,unknown,UNKNOWN,Cannot identify media kind or MIME type from extension and magic bytes.,REVIEW,unsupported-format,mig003/unknown/unknown/eb87307a05be8b42.bin
mig003-unknown-e4c22b896d3ae345,microservices/services/user-service/package.json,unknown,application/octet-stream,380,e4c22b896d3ae34536aca4d3f454afd09aa89906a712fbbd61b473224374db0b,dg-000078,unknown,N/A,N/A,N/A,unknown,unknown,UNKNOWN,Cannot identify media kind or MIME type from extension and magic bytes.,REVIEW,unsupported-format,mig003/unknown/unknown/e4c22b896d3ae345.json
mig003-unknown-d8cc2f3a13fd826c,opencode.json,unknown,application/octet-stream,90,d8cc2f3a13fd826c883c2923ae68eebfd37b49ea6ad949fb8dab019e45ae7c4f,dg-000079,unknown,N/A,N/A,N/A,unknown,unknown,UNKNOWN,Cannot identify media kind or MIME type from extension and magic bytes.,REVIEW,unsupported-format,mig003/unknown/unknown/d8cc2f3a13fd826c.json
mig003-unknown-11ecc4ed5ba6b58d,package-lock.json,unknown,application/octet-stream,62063,11ecc4ed5ba6b58d0c9fae0845a98123781edf0944b293c70ec3a91d0f1ba49c,dg-000080,unknown,N/A,N/A,N/A,unknown,unknown,UNKNOWN,Cannot identify media kind or MIME type from extension and magic bytes.,REVIEW,unsupported-format,mig003/unknown/unknown/11ecc4ed5ba6b58d.json
mig003-unknown-8688ad3517d2f7e7,package.json,unknown,application/octet-stream,602,8688ad3517d2f7e7702cb6ae5708f016f460cc050b48d48cea5d1fc4e550cfc4,dg-000081,unknown,N/A,N/A,N/A,unknown,unknown,UNKNOWN,Cannot identify media kind or MIME type from extension and magic bytes.,REVIEW,unsupported-format,mig003/unknown/unknown/8688ad3517d2f7e7.json
mig003-unknown-8f51f942e89e558d,plan/upgrade-roadmap.md,unknown,application/octet-stream,2534,8f51f942e89e558d4de305582a621c57f0b4c8dcd52f9c6505b5db0f1e46d15c,dg-000082,unknown,N/A,N/A,N/A,unknown,unknown,UNKNOWN,Cannot identify media kind or MIME type from extension and magic bytes.,REVIEW,unsupported-format,mig003/unknown/unknown/8f51f942e89e558d.md
mig003-unknown-c66c48bcc2e3ba75,platform-internal.html,unknown,application/octet-stream,34118,c66c48bcc2e3ba7525151729e4058b00713f906ef8dab4b3af40397777dd51be,dg-000083,unknown,N/A,N/A,N/A,unknown,unknown,UNKNOWN,Cannot identify media kind or MIME type from extension and magic bytes.,REVIEW,unsupported-format,mig003/unknown/unknown/c66c48bcc2e3ba75.html
mig003-unknown-eaf12935744f1727,premium-purchase.html,unknown,application/octet-stream,25492,eaf12935744f1727708f33d77ceeb6a28f7bc8b64442226c0fe1f84e3cbebf84,dg-000084,unknown,N/A,N/A,N/A,unknown,unknown,UNKNOWN,Cannot identify media kind or MIME type from extension and magic bytes.,REVIEW,unsupported-format,mig003/unknown/unknown/eaf12935744f1727.html
mig003-unknown-1261876c9d73a093,pricing.html,unknown,application/octet-stream,32630,1261876c9d73a0937c2186edb2816c2e0d86bca4d2278bdbc80fd9376e57ae3f,dg-000085,unknown,N/A,N/A,N/A,unknown,unknown,UNKNOWN,Cannot identify media kind or MIME type from extension and magic bytes.,REVIEW,unsupported-format,mig003/unknown/unknown/1261876c9d73a093.html
mig003-unknown-52a051915065f3da,professional-purchase.html,unknown,application/octet-stream,31736,52a051915065f3da48469d0a3d1d2fbe2623fa5013dfb9796a508bba2368c464,dg-000086,unknown,N/A,N/A,N/A,unknown,unknown,UNKNOWN,Cannot identify media kind or MIME type from extension and magic bytes.,REVIEW,unsupported-format,mig003/unknown/unknown/52a051915065f3da.html
mig003-unknown-f078d676966f6193,public/css/yx-design-upgrade.css,unknown,application/octet-stream,24547,f078d676966f61936672fd594e614907454809520d2bf4e855ab3db85ecc1fd9,dg-000087,unknown,N/A,N/A,N/A,unknown,unknown,UNKNOWN,Cannot identify media kind or MIME type from extension and magic bytes.,REVIEW,unsupported-format,mig003/unknown/unknown/f078d676966f6193.css
mig003-unknown-c6fe140289f4d7b0,public/js/course.js,unknown,application/octet-stream,5034,c6fe140289f4d7b0c2eb010dba19ab52c281f995bd069d013f6f17385d3e255a,dg-000088,unknown,N/A,N/A,N/A,unknown,unknown,UNKNOWN,Cannot identify media kind or MIME type from extension and magic bytes.,REVIEW,unsupported-format,mig003/unknown/unknown/c6fe140289f4d7b0.js
mig003-unknown-250aac4c674413bf,public/js/site-polish.js,unknown,application/octet-stream,10222,250aac4c674413bfea41f195e7432c6d9185e8b856b4e04fecdc49e34c26319f,dg-000089,unknown,N/A,N/A,N/A,unknown,unknown,UNKNOWN,Cannot identify media kind or MIME type from extension and magic bytes.,REVIEW,unsupported-format,mig003/unknown/unknown/250aac4c674413bf.js
mig003-unknown-f26ca49908695f5e,public/js/translate.js,unknown,application/octet-stream,16865,f26ca49908695f5e77449793b9eee3c27dd3d89c35ec9018689c3227869c6013,dg-000090,unknown,N/A,N/A,N/A,unknown,unknown,UNKNOWN,Cannot identify media kind or MIME type from extension and magic bytes.,REVIEW,unsupported-format,mig003/unknown/unknown/f26ca49908695f5e.js
mig003-document-fad1a90510a5a471,public/subtitles/sample_bo.vtt,document,text/vtt,1091,fad1a90510a5a471f61b273637d04eba2c65056909af81ce76bd760563b37290,dg-000091,bo,N/A,N/A,N/A,internal-subtitle,internal-subtitle,APPROVED,Shipped as part of the internal application asset bundle.,MIGRATE,,mig003/document/bo/fad1a90510a5a471.vtt
mig003-document-6c7a33fefc90d518,public/subtitles/sample_zh.vtt,document,text/vtt,314,6c7a33fefc90d51834d54d20d21b18279e963ec7b4647656881e74a10305222b,dg-000092,zh,N/A,N/A,N/A,internal-subtitle,internal-subtitle,APPROVED,Shipped as part of the internal application asset bundle.,MIGRATE,,mig003/document/zh/6c7a33fefc90d518.vtt
mig003-unknown-7e3b9fcf6d6eff29,README.md,unknown,application/octet-stream,1146,7e3b9fcf6d6eff29e029980587f8c9a45cc538f471bc93a562515f081ddf8db5,dg-000093,unknown,N/A,N/A,N/A,unknown,unknown,UNKNOWN,Cannot identify media kind or MIME type from extension and magic bytes.,REVIEW,unsupported-format,mig003/unknown/unknown/7e3b9fcf6d6eff29.md
mig003-unknown-d3df711b55b3108c,server.js,unknown,application/octet-stream,43577,d3df711b55b3108c035be0daa7d407ea300532b5b5b75d855f0c6eed97bca603,dg-000094,unknown,N/A,N/A,N/A,unknown,unknown,UNKNOWN,Cannot identify media kind or MIME type from extension and magic bytes.,REVIEW,unsupported-format,mig003/unknown/unknown/d3df711b55b3108c.js
mig003-unknown-84617fbbd5ec2a3b,student-dashboard.html,unknown,application/octet-stream,36219,84617fbbd5ec2a3b71ef2aeac6aea5721b1de9c3acb3377445ca1f03d6b18adf,dg-000095,unknown,N/A,N/A,N/A,unknown,unknown,UNKNOWN,Cannot identify media kind or MIME type from extension and magic bytes.,REVIEW,unsupported-format,mig003/unknown/unknown/84617fbbd5ec2a3b.html
mig003-unknown-64ab7196398015d6,student-management.html,unknown,application/octet-stream,39869,64ab7196398015d679fb5ff5d7c645582ae89656db1db397f6b3e6a5c98181fe,dg-000096,unknown,N/A,N/A,N/A,unknown,unknown,UNKNOWN,Cannot identify media kind or MIME type from extension and magic bytes.,REVIEW,unsupported-format,mig003/unknown/unknown/64ab7196398015d6.html
mig003-unknown-007d595083afd326,student-profile.html,unknown,application/octet-stream,51167,007d595083afd32610e3ac282988abfab421aaeba4b21dd97f82f7509d2cac7b,dg-000097,unknown,N/A,N/A,N/A,unknown,unknown,UNKNOWN,Cannot identify media kind or MIME type from extension and magic bytes.,REVIEW,unsupported-format,mig003/unknown/unknown/007d595083afd326.html
mig003-unknown-edc4cf80014eeeaf,teacher-dashboard.html,unknown,application/octet-stream,46952,edc4cf80014eeeafb141144c435f8cbfbab5f9448d1444072743cf4c0965a356,dg-000098,unknown,N/A,N/A,N/A,unknown,unknown,UNKNOWN,Cannot identify media kind or MIME type from extension and magic bytes.,REVIEW,unsupported-format,mig003/unknown/unknown/edc4cf80014eeeaf.html
mig003-document-466e84debc0eb224,tools/translation/chinese-texts.txt,document,application/octet-stream,6838,466e84debc0eb224ba1e9d8f62eeb50fe09d3ee9701fb301ef080e5abbb48afe,dg-000099,zh,N/A,N/A,N/A,unknown,unknown,UNKNOWN,Legacy document without attached license or ownership evidence.,REVIEW,missing-rights,mig003/document/zh/466e84debc0eb224.txt
mig003-unknown-101107a79e6fc0e6,tools/translation/extract-chinese.js,unknown,application/octet-stream,2149,101107a79e6fc0e666ee034880a9c7c48f9a06ecce802f7c14aca7c2b740de3b,dg-000100,zh,N/A,N/A,N/A,unknown,unknown,UNKNOWN,Cannot identify media kind or MIME type from extension and magic bytes.,REVIEW,unsupported-format,mig003/unknown/zh/101107a79e6fc0e6.js
mig003-unknown-b66add35a9fb0d05,tools/translation/instruction.m,unknown,application/octet-stream,127737,b66add35a9fb0d0543e7264358a71f194af7b00971c7213d55a504093b543caa,dg-000101,unknown,N/A,N/A,N/A,unknown,unknown,UNKNOWN,Cannot identify media kind or MIME type from extension and magic bytes.,REVIEW,unsupported-format,mig003/unknown/unknown/b66add35a9fb0d05.m
mig003-unknown-53e408e82086c936,tools/translation/translate-to-tibetan.js,unknown,application/octet-stream,31818,53e408e82086c93646675f76d501e5ba17a890280f10a53c8fc49b2c453f7f20,dg-000102,bo,N/A,N/A,N/A,unknown,unknown,UNKNOWN,Cannot identify media kind or MIME type from extension and magic bytes.,REVIEW,unsupported-format,mig003/unknown/bo/53e408e82086c936.js
mig003-unknown-2fd374d54d5fe8e6,tools/translation/网页国语翻译西藏语.m,unknown,application/octet-stream,31172,2fd374d54d5fe8e68d0c8da73bbd4061d21643de8da9b6d3325f1c7356a29526,dg-000103,bo,N/A,N/A,N/A,unknown,unknown,UNKNOWN,Cannot identify media kind or MIME type from extension and magic bytes.,REVIEW,unsupported-format,mig003/unknown/bo/2fd374d54d5fe8e6.m
mig003-image-b3647c374ef73a46,uploads/attachments/1783481104967_s63h1s6f.png,image,image/png,58514,b3647c374ef73a46031d9a70321c077e775bf92dbf89ee3fa0106ae930e705a9,dg-000024,unknown,PRESENT,N/A,N/A,user-upload-attachment,user-upload-attachment,UNKNOWN,User-uploaded content without recorded provenance or consent evidence.,DUPLICATE,missing-rights,mig003/image/unknown/b3647c374ef73a46.png
mig003-image-01e9f8ea9268bb3b,uploads/covers/1783493149128_rbfb3b7o.png,image,image/png,519029,01e9f8ea9268bb3b0ad8407ec505e86c617067ef3698797964ef96d1c188b067,dg-000104,unknown,PRESENT,N/A,N/A,user-upload-cover,user-upload-cover,UNKNOWN,User-uploaded content without recorded provenance or consent evidence.,REVIEW,missing-rights,mig003/image/unknown/01e9f8ea9268bb3b.png
mig003-unknown-bc3a45b7969bc26c,video-player.html,unknown,application/octet-stream,60933,bc3a45b7969bc26cfd23bb62cb1ec504bacca8b81dab6e2c2d820511d19113c2,dg-000105,unknown,N/A,N/A,N/A,unknown,unknown,UNKNOWN,Cannot identify media kind or MIME type from extension and magic bytes.,REVIEW,unsupported-format,mig003/unknown/unknown/bc3a45b7969bc26c.html
mig003-unknown-f44aac99d8b660fb,volunteer-dashboard.html,unknown,application/octet-stream,38498,f44aac99d8b660fbded09e2ef9053dc48c597011879384bc3a5e7c426fd7206a,dg-000106,unknown,N/A,N/A,N/A,unknown,unknown,UNKNOWN,Cannot identify media kind or MIME type from extension and magic bytes.,REVIEW,unsupported-format,mig003/unknown/unknown/f44aac99d8b660fb.html
